,Profname
0,Sanjiv Gupta
1,Serge D'Alessio
2,David McKinnon
3,carolyn
4,Jean Roydor
5,Lijun Wang
6,Clinton Loo
7,Conrad Hewitt
8,Sedra Smith
9,Peter Crippin
10,Rahim Moosa
11,Alain Gamache
12,Jon Walgate
13,Nico Spronk
14,Dilian Yang
15,Terry Anderson
16,Yafim Spigel
17,Simone Speziale
18,Paula Smith
19,Xinzhi Liu
20,Palaniappan Kannappan
21,Ruth Malinowski
22,Michelle Ashburner
23,Doug Park
24,Kevin Lamb
25,Kevin Hare
26,Chek Beng Chua
27,Anne-Marie Allison
28,Andrew Beltaos
29,Cyntha Struthers
30,Nathan Zehr
31,zibaeenejad
32,Mohammad Zibaeenejad
33,Benoit Charbonneau
34,Ross Willard
35,Mohammad Kohandel
36,Peter Balka
37,Achim Kempf
38,Jennifer Nissen
39,Denglin Zhou
40,Brian Forrest
41,Small Christopher
42,Brian Ingalls
43,Daniel Younger
44,Ghazal Geshnizjani
45,Maite Dupuis
46,Dan Wolczuk
47,Hun Hee Lee
48,Peter Wood
49,Yu-Ru Liu
50,Laurent Marcoux
51,Carolyn Knoll
52,Alexandru Nica
53,Siva Sivaloganathan
54,Jordan Hamilton
55,Francine Vinette
56,ashburner
57,Kirsten Morris
58,Edward Vrscay
59,Frank Zorzitto
60,Matthew Calder
61,Peter Hoffman
62,Kathryn Hare
63,Ken Giuliani
64,Judith Koeller
65,Evgenios Kakariadis
66,Vincent M Sweeney
67,Ashwin Nayak
68,Che Tat Ng
69,Stephen New
70,shalah aliakbari
71,Ian Vanderburgh
72,Ashley Webster
73,Joseph J. West
74,Mohammad zibaeenjad
75,Mohamad Alwan
76,Marek Stastna
77,J Hamilton
78,Richard Dlin
79,James Munroe
80,Sue Ann Campbell
81,Michael J. Best
82,John Lawrence
83,Edward Dupont
84,Jun Liu
85,Sean Speziale
86,Francis Poulin
87,Mike Eden
88,Mohammod
89,Miron Shpigel
90,Mahmood Alaghmandan
91,John Wainwright
92,Matt Scott
93,Bev Marshman
94,Jacques Verstraete
95,Patrick Roh
96,R Scoins
97,Albert Chau
